{"cameraMode":{"drawMode":0,"name":"Shaded","section":"Shading Mode"},"sceneLighting":false,"audioPlay":false,"sceneViewState":{"m_AlwaysRefresh":false,"showFog":true,"showSkybox":false,"showFlares":true,"showImageEffects":true,"showParticleSystems":true,"showVisualEffectGraphs":true,"m_FxEnabled":true},"in2DMode":false,"pivot":{"x":-1.3384292125701905,"y":-0.7177053689956665,"z":0.9579899311065674},"rotation":{"x":0.1599644273519516,"y":-0.31157562136650088,"z":0.054407645016908649,"w":0.9348961710929871},"size":1.7634549140930176,"orthographic":false}